epoch,mpe_mpe-large-spread-v2_ac_att_JAMMAS_1 - episode_return__MAX,mpe_mpe-large-spread-v2_ac_att_JAMMAS_2 - episode_return__MAX,mpe_mpe-large-spread-v2_ac_att_JAMMAS_3 - episode_return__MAX,mpe_mpe-large-spread-v2_ac_att_JAMMAS_4 - episode_return__MAX
1,-556.9,-481.9,-598.7,-531.2
2,-512.3,-580.9,-481.4,-574.4
3,-634.1,-655,-503.8,-542.8
4,-488.5,-513.9,-527,-877.6
5,-584.3,-482.9,-599.1,-598.5
6,-530,-514.1,-623.2,-547.2
7,-518.4,-615.6,-578.3,-466.6
8,-529.5,-499.8,-621.3,-564
9,-548.5,-527.3,-554.1,-500.3
10,-533.3,-585.5,-574,-543.7
11,-530.9,-592.1,-570.8,-640.7
12,-587.5,-582.3,-528.9,-516.8
13,-473,-450.9,-578.3,-658.1
14,-547.4,-595,-606.9,-548.2
15,-456.3,-564.8,-517.9,-505.8
16,-532.2,-553.1,-548.6,-626.8
17,-508.5,-610.1,-500.9,-504.1
18,-586.3,-534.9,-566.5,-560.5
19,-511.4,-557.6,-506.7,-511.6
20,-531.2,-647.6,-570.6,-499.5
21,-523.8,-473.4,-500.6,-532.6
22,-504.5,-677.8,-547.8,-509.3
23,-610.9,-558.9,-654,-569.7
24,-516.6,-508.7,-561.6,-569.1
25,-567.9,-612.6,-534,-538.1
26,-486.7,-543.6,-566.8,-553.3
27,-485.1,-472,-562.7,-559.3
28,-487.3,-603.4,-490,-563.3
29,-547,-555.4,-609.5,-539.8
30,-549.8,-406.1,-562.9,-499.1
31,-509.9,-572.1,-487.4,-511.7
32,-524.7,-585.7,-504.3,-531.6
33,-588.1,-513.6,-518.5,-590.2
34,-527.5,-519.3,-471.2,-500.8
35,-536.4,-495.2,-586.8,-507.8
36,-476.8,-588.9,-504,-498.2
37,-499.6,-507.6,-529.9,-549.3
38,-524.6,-526,-477.7,-497.7
39,-543.1,-581.2,-444.8,-524.7
40,-509.7,-492.5,-533.1,-608.8
41,-451.8,-496.2,-596.9,-498.6
42,-516.4,-608.7,-543.7,-591.9
43,-544,-555.8,-568.5,-515.6
44,-585.2,-561.5,-574.4,-566.2
45,-562.4,-459.3,-517.3,-509.1
46,-542.6,-551.2,-560.3,-547.5
47,-479.4,-500.2,-487.8,-514
48,-543.7,-526.5,-563.5,-486.4
49,-554.9,-489.1,-522.4,-576
50,-479.3,-471.4,-513,-623.9
51,-546.5,-580.7,-514.2,-545.7
52,-531.6,-506.5,-438.8,-597.6
53,-480.9,-509.2,-610,-498.5
54,-523.7,-561.3,-565.1,-517.3
55,-495.1,-567.4,-519.7,-497.5
56,-509.8,-573.9,-555,-541.7
57,-576,-533.1,-561.8,-504
58,-527.3,-577.8,-487.2,-546.4
59,-473.6,-497.8,-548.1,-493
60,-528.8,-472.7,-588.3,-456.7
61,-544.6,-529.8,-666.5,-509.8
62,-586.7,-584.4,-492.7,-528.2
63,-521.6,-521.7,-539.8,-449.4
64,-535.5,-485.1,-589.9,-507.8
65,-502.4,-495.3,-461.9,-526.2
66,-562.2,-476.3,-508,-561.4
67,-519.5,-613.4,-638,-545.5
68,-582.4,-425,-590.9,-538
69,-602.5,-508.8,-590.1,-575
70,-545.7,-467.3,-582.5,-559.9
71,-497.6,-487.4,-536.8,-580.9
72,-500.3,-460.5,-592,-567.9
73,-603.3,-509.7,-517.4,-502.3
74,-563,-510.4,-496.1,-627.3
75,-464.1,-496.6,-567.1,-606.7
76,-448.6,-547.1,-489.3,-409.9
77,-588.6,-452.8,-525.8,-552.1
78,-472.2,-571.4,-571,-513.5
79,-477.7,-496.1,-435.8,-495.7
80,-557.7,-548.1,-471.7,-519
81,-578.3,-565.4,-578.2,-548
82,-454.5,-533,-564.9,-572.5
83,-493.1,-510.6,-606.5,-569.4
84,-528.4,-500.3,-461.4,-520.8
85,-530.4,-508.6,-548.9,-581.9
86,-509.9,-425.4,-525.9,-556.4
87,-521.8,-522.3,-523.3,-563.6
88,-476.8,-486.2,-548,-526.5
89,-466.7,-545.9,-484.5,-525.9
90,-525.2,-550.1,-423.7,-603.9
91,-529.8,-540.7,-608.2,-568.3
92,-583,-581.2,-582.2,-502.3
93,-555.8,-536.8,-463.5,-558.3
94,-499.4,-508.1,-537,-533.6
95,-603.3,-533.5,-499.6,-492.9
96,-504.4,-562.5,-510.6,-493.2
97,-586,-573.2,-554.6,-518.6
98,-576.9,-502.7,-512.4,-563.2
99,-564.7,-454.4,-548.3,-539.3
100,-516.5,-536.4,-625.6,-582.1
101,-486.2,-540.5,-525.5,-468.1
102,-563.6,-537.1,-560.2,-571.1
103,-547.6,-397.3,-523.1,-462.3
104,-505.7,-534.7,-464,-540.2
105,-519.5,-505.3,-483.6,-577.1
106,-482.6,-522.3,-588.1,-478
107,-575.7,-541.4,-473.4,-538.9
108,-554.2,-433.8,-470.9,-531.9
109,-551.5,-566.7,-571.7,-468.3
110,-542.6,-562,-510.3,-482.3
111,-625.7,-516.7,-503.2,-477
112,-521,-487.6,-496.6,-561
113,-513.9,-526.7,-471.2,-561
114,-517.8,-594.6,-529,-518.7
115,-548.5,-483.3,-457.2,-503.1
116,-494.5,-456.6,-560.3,-448.9
117,-511.2,-531,-596.6,-542.8
118,-440.8,-539.1,-562.8,-519
119,-525.2,-542.5,-521.2,-460.2
120,-583.9,-556.4,-618.5,-469.2
121,-504.6,-541.5,-516.1,-587.9
122,-521.4,-570.3,-565.2,-574.9
123,-525.2,-415.4,-462.1,-583.4
124,-484.8,-560.5,-547.4,-471.7
125,-508.4,-595.4,-444.2,-503.7
126,-419.9,-545.1,-553.9,-524
127,-441.4,-480.8,-423.5,-449.5
128,-537.7,-471.7,-473.2,-525.5
129,-640,-455.5,-535.5,-589.7
130,-476.7,-561.1,-437.3,-491
131,-574.2,-525,-506,-498.9
132,-469.3,-430.4,-501.6,-519.5
133,-575.7,-535.1,-544.6,-490.2
134,-542.6,-530.1,-569.1,-459.5
135,-427.7,-563,-586.3,-484.6
136,-528.3,-592.9,-541.9,-488.8
137,-484,-553.4,-479.4,-486.4
138,-512.2,-517.9,-513.7,-475.9
139,-559.5,-592.8,-495.2,-512.3
140,-535.2,-534.1,-455.4,-487.2
141,-511.3,-514.2,-425.1,-470.9
142,-570.9,-487.5,-515.9,-532.8
143,-408.7,-570.6,-528.9,-536
144,-470,-508.3,-529.1,-500.2
145,-487,-470.3,-554.8,-389.4
146,-513.7,-519.6,-563.1,-541.1
147,-521.8,-522.1,-499.1,-521.5
148,-558.6,-584.7,-538.5,-572
149,-502.1,-506.2,-521.5,-549
150,-529.8,-538,-536.7,-468.6
151,-474.8,-537.8,-480,-484.4
152,-505.7,-470.5,-491.2,-531.9
153,-494.6,-431.8,-545.7,-582.8
154,-549.7,-448.7,-511,-436.5
155,-419.3,-578.7,-497.1,-414.3
156,-606.6,-475.3,-530.9,-538.9
157,-587.6,-418.9,-453.4,-527.2
158,-450.1,-545.3,-442.1,-463
159,-546,-507.2,-493.9,-453.2
160,-433.9,-468.7,-405.8,-456.8
161,-455,-447.8,-450.2,-454.3
162,-522.1,-485.7,-477.9,-543.9
163,-526.8,-570.6,-515.6,-518
164,-561.8,-504.7,-517.2,-512.8
165,-480.3,-454.1,-538.3,-537.5
166,-533.8,-532.2,-562,-489.9
167,-494.9,-499,-622.1,-610
168,-475.1,-484.5,-444.9,-615
169,-473.4,-454.1,-497.8,-506.2
170,-535.9,-545.3,-459.9,-494.1
171,-448.8,-504.3,-459.4,-466.1
172,-423,-541.7,-445.7,-483.5
173,-494.1,-550.4,-476.5,-387
174,-598.9,-513.7,-458.6,-478.6
175,-480.1,-538.7,-420.8,-502.2
176,-555.2,-457.1,-504.2,-485.7
177,-442,-592.6,-482.8,-471.7
178,-478.4,-471.6,-469.6,-520.8
179,-548.3,-535.6,-486.3,-427
180,-550.6,-531.5,-438.5,-346.9
181,-409.8,-506.6,-483.9,-407.9
182,-561.4,-599.9,-384.4,-408.6
183,-501.6,-520.4,-431.6,-351.6
184,-500.7,-529.5,-450.2,-466.1
185,-532.1,-540.8,-416.4,-419
186,-384.6,-518.2,-461.4,-458.3
187,-479,-547.5,-369.5,-503.2
188,-413.8,-455.5,-370.3,-452.4
189,-493.3,-508.3,-466.3,-453.3
190,-570.4,-526.6,-406.2,-546.1
191,-512.7,-495.8,-396.8,-489.1
192,-472.4,-501.6,-463.6,-415.3
193,-512.8,-574.3,-405.9,-408.7
194,-476.6,-498.7,-396.4,-450.9
195,-464.8,-537.5,-372.3,-498.4
196,-500.5,-473.8,-433.7,-459.9
197,-484.1,-555.6,-368.8,-510
198,-424,-500.9,-348,-407.7
199,-456.8,-535.9,-380.7,-404.9
200,-491.6,-479.4,-410.5,-446.4
201,-572.8,-492,-367.6,-436.9
202,-423.7,-522.8,-349.6,-348.7
203,-518.7,-535.4,-379.8,-586.6
204,-458,-543.3,-404.4,-400.4
205,-484.7,-516.7,-345.4,-380.7
206,-495.2,-518.3,-322.7,-433.4
207,-467.3,-484.4,-312.1,-423.5
208,-514.2,-529.6,-382.9,-428.8
209,-496.4,-495.2,-413.5,-303.1
210,-502.4,-504.1,-329.9,-421.2
211,-395.5,-601,-356.7,-416.9
212,-507.5,-537.2,-273.5,-487.9
213,-420.5,-512.6,-346.7,-416.8
214,-481.2,-551.8,-310.8,-343
215,-392.2,-608.5,-364.8,-274.2
216,-483.4,-487.2,-360.7,-457.4
217,-536.8,-578,-378.2,-451.3
218,-443,-447.9,-375.6,-364.9
219,-408.2,-574.2,-303.8,-466.8
220,-572.6,-489.1,-310.8,-346
221,-532.3,-513.2,-347,-450
222,-446.8,-478.6,-336.3,-351.5
223,-483.7,-529.7,-333.7,-509.9
224,-523.7,-412.7,-360.7,-417.8
225,-435.4,-464.8,-360.6,-364.7
226,-449.3,-538.4,-356.4,-437.2
227,-463.1,-529.4,-357.1,-494.7
228,-497.8,-592.2,-307.3,-367.2
229,-412.1,-529.2,-282.8,-386.3
230,-498.4,-544.4,-288.4,-399.3
231,-507.8,-587.9,-306.2,-361.7
232,-502.3,-511.5,-307.1,-413.6
233,-439.6,-463.6,-295,-347.4
234,-432.3,-494.7,-280,-405.9
235,-372.2,-569.7,-311.3,-376.8
236,-470.2,-509.9,-317.1,-304.6
237,-383.9,-495.2,-302.5,-429.1
238,-372.3,-441.5,-294.3,-301.8
239,-538.5,-476.7,-300.8,-354.5
240,-453,-541.6,-427.5,-383.9
241,-425.2,-514.8,-383.4,-340.7
242,-403.8,-453.3,-321.3,-342.3
243,-550.4,-434.6,-370.2,-339.9
244,-446.9,-527.8,-327.8,-302.7
245,-450.1,-555.1,-336.1,-350.8
246,-517.2,-476.1,-302.2,-373.7
247,-464.5,-540.5,-331.9,-301.3
248,-485,-493.2,-360.2,-286.3
249,-488.4,-462.3,-326.1,-292.8
250,-482.6,-541.2,-307.8,-319
251,-344.8,-491.7,-320.9,-300.1
252,-462.8,-529.9,-277.8,-302
253,-455.6,-504.6,-342.8,-319.2
254,-427,-496.8,-319.8,-334.8
255,-435.7,-543.8,-297.4,-317.7
256,-502.9,-418.7,-317.5,-281.6
257,-500,-555.6,-354.6,-335.7
258,-481.3,-418.6,-464,-295.8
259,-430.1,-527.9,-368.7,-414.2
260,-451.8,-529,-367.6,-292.4
261,-417.1,-398.7,-312.4,-304.3
262,-455.9,-499.2,-312.9,-350.4
263,-473.5,-501,-326.3,-328.2
264,-480.5,-574.8,-283.9,-311.1
265,-496.9,-453.4,-318,-251.4
266,-508.9,-455.2,-307.9,-314.5
267,-450.1,-455.4,-263.7,-315.6
268,-391.6,-459.5,-282.5,-292.9
269,-429.3,-355.2,-294.5,-294.9
270,-426.3,-547,-390.2,-234.6
271,-410.9,-470.6,-288.9,-324.4
272,-464.5,-449.7,-253.3,-280.2
273,-455.6,-502.7,-253.4,-279.9
274,-518.3,-503.8,-327.1,-279.8
275,-445.1,-504.3,-287.8,-270.4
276,-408.7,-506.7,-333.8,-257
277,-613,-367.6,-329.3,-282
278,-401.8,-560.3,-269,-306.3
279,-527.7,-484.2,-272.3,-280.3
280,-426.5,-478.6,-322.9,-243.5
281,-424.2,-411.9,-238.3,-285.3
282,-449.6,-444.6,-270.8,-276.4
283,-512.8,-470.3,-284.2,-286.9
284,-406.9,-488.5,-287.1,-295.9
285,-513.7,-422.4,-320.4,-315.5
286,-517.6,-517,-319.1,-304.3
287,-508.7,-487.6,-277.2,-235.8
288,-441.1,-426.5,-256,-287.2
289,-429.4,-501.2,-304.4,-312.5
290,-359.9,-489.3,-261.1,-261.7
291,-510.3,-459.4,-241.4,-278.7
292,-479.3,-455.8,-241.2,-312.2
293,-401.4,-378.2,-279.1,-279.5
294,-457.1,-501,-244.6,-266.2
295,-348.2,-385.9,-267.2,-246.3
296,-480.7,-454.8,-307,-280.2
297,-395.4,-468.3,-338.8,-281.7
298,-475.2,-464.1,-283.9,-312.3
299,-468.3,-420.9,-293,-290.6
300,-346,-464.4,-283.2,-245.3
301,-526.7,-455,-282.9,-259.4
302,-523.2,-512,-334.6,-282.9
303,-477.2,-398.4,-314.8,-266
304,-439.6,-490.4,-308.5,-308
305,-456,-445,-249.4,-263.1
306,-400.8,-418.9,-276.8,-243.7
307,-469.9,-363.7,-318.7,-263.9
308,-456.8,-417.2,-256.7,-268.1
309,-453,-437.8,-265.7,-248.4
310,-359.9,-374.4,-250.7,-311.7
311,-401.9,-471,-241.4,-288.8
312,-486.9,-385.3,-285.6,-278.7
313,-414.5,-439.5,-263,-281.9
314,-462.5,-520.2,-211.7,-301.1
315,-490.2,-428.6,-339.1,-255.4
316,-417.3,-365.9,-290.3,-292
317,-406,-452.2,-255,-321.3
318,-408.2,-475.3,-303.2,-290.2
319,-482,-384.2,-259.2,-295.9
320,-541.1,-417.3,-254.2,-288.4
321,-529.2,-342.6,-306.8,-270.7
322,-357.2,-325.5,-242.1,-287.1
323,-343.8,-436.9,-309.3,-266.7
324,-422.5,-380.3,-229.8,-270.9
325,-496.6,-395.4,-238.8,-241.4
326,-429.5,-383.1,-276.7,-302.1
327,-394,-416.7,-261.1,-294
328,-403.5,-360.6,-246.8,-294.2
329,-487.8,-397.8,-272,-303.1
330,-480.9,-435.8,-264.8,-287.6
331,-467.6,-384.2,-305.3,-297.1
332,-295,-406.8,-294.5,-294.4
333,-491.7,-376.9,-281.8,-243.1
334,-438.7,-480.1,-282.7,-288.2
335,-455.5,-409,-251.9,-276
336,-417.9,-369.9,-332.2,-220.4
337,-443.9,-397.6,-261.2,-296.2
338,-528.1,-316.4,-281.6,-256.1
339,-367.6,-415.6,-249.7,-256.6
340,-486.1,-347.3,-250.1,-288.1
341,-449,-402.8,-233.2,-262.4
342,-465,-310.2,-266.2,-256.8
343,-454.9,-335.1,-267.1,-289.4
344,-449.3,-376.8,-236.4,-297.4
345,-383.8,-366.5,-265.1,-279
346,-443.7,-313.4,-295.4,-241.7
347,-510.2,-354.6,-254.8,-273.3
348,-444.8,-484.2,-256.4,-258.2
349,-438.2,-419.7,-264.4,-252.9
350,-378.8,-388.9,-291.9,-239.7
351,-471.5,-300.8,-266,-249.7
352,-356.5,-419.6,-287.1,-295
353,-435.1,-420.5,-238.5,-234.9
354,-409.3,-391.7,-262,-288
355,-468.3,-366,-265,-259.2
356,-434.5,-474.9,-255.2,-286.4
357,-272.7,-335.6,-261.8,-249.9
358,-344.1,-339.4,-250.1,-271.9
359,-395.6,-438.6,-238.3,-281.4
360,-374.2,-389.2,-281.3,-273.1
361,-535.8,-461.6,-254.6,-252
362,-482.2,-332.1,-256.3,-271.6
363,-453.4,-338.5,-280.5,-227.1
364,-414.6,-506,-276.4,-291.1
365,-456.2,-393.3,-302.9,-248.5
366,-501.2,-370.9,-232.7,-237.6
367,-410.9,-368.1,-218.9,-248.4
368,-320.1,-400.7,-277.5,-265.6
369,-382.7,-374.6,-248.9,-271.4
370,-407.4,-318.7,-231.5,-336.5
371,-483.2,-299,-267.8,-266.3
372,-460.1,-293.4,-258.6,-224.5
373,-369.3,-345.5,-254.9,-300.6
374,-383.7,-308.1,-236.1,-301.4
375,-329,-343.1,-286,-255.8
376,-449.4,-389.9,-279.8,-239.9
377,-432.2,-327.7,-247.2,-236.2
378,-509.6,-365.6,-298,-258.6
379,-389.9,-341.1,-311.9,-306.1
380,-433.4,-353.8,-256.3,-242
381,-504.5,-344.7,-295.6,-229.1
382,-381.1,-353.5,-294.5,-209.9
383,-365.5,-301.4,-213.3,-229
384,-381.7,-347.5,-267.9,-223.2
385,-373,-410.4,-232.8,-263.3
386,-414.3,-330.9,-265.1,-243.4
387,-454,-355.8,-248.6,-241.7
388,-433.2,-422.1,-332.6,-313.4
389,-423.2,-416.4,-286.2,-263.7
390,-305,-381.8,-267.8,-253.7
391,-452.5,-375.2,-248.9,-217.3
392,-397.6,-402.5,-232.7,-224.3
393,-397.8,-308.1,-267.4,-264.4
394,-335.1,-329.5,-221.8,-245.4
395,-323,-344.5,-248.6,-243.1
396,-382,-342.8,-216.8,-255.2
397,-407.2,-332.3,-294.9,-213.6
398,-401.8,-285.1,-255.3,-233.4
399,-396.4,-369.8,-263.6,-231.4
400,-350.5,-281,-223.1,-245.5
401,-487,-281.5,-238.6,-239.3
402,-441.7,-351.6,-248.5,-219.6
403,-372.1,-337.7,-210,-200
404,-451.9,-309.1,-240.8,-203.9
405,-302.3,-351.6,-251.5,-228.3
406,-388.6,-333.8,-322.4,-208.6
407,-474.2,-318.5,-225.4,-224.8
408,-356.6,-288.3,-217.4,-255.6
409,-324,-316.3,-275,-202.2
410,-471,-346,-246.8,-229.6
411,-370.7,-422.3,-245.6,-251.2
412,-376,-299,-249.4,-182.9
413,-447.2,-332.5,-276,-205.3
414,-382.5,-331.3,-224,-194.2
415,-370.9,-419.4,-254.6,-229.3
416,-325.5,-375.6,-230.6,-242.6
417,-392.1,-307.1,-248.4,-254.5
418,-377.3,-348,-234.2,-264.5
419,-426.8,-280.8,-192.5,-255.1
420,-451.1,-256.5,-243.7,-223.7
421,-391.5,-311.3,-233.2,-209.3
422,-347.7,-322,-248.7,-229.7
423,-416.3,-357.9,-223.8,-247.8
424,-275.6,-320.8,-275.2,-213.7
425,-368.5,-341.5,-265.3,-254.6
426,-409.2,-334,-255.8,-248.8
427,-348.8,-301.6,-225.2,-214.6
428,-419.7,-269.2,-253.6,-257.2
429,-448.9,-393.7,-227,-213.5
430,-370.5,-393.4,-252.6,-200.5
431,-361.9,-336.1,-231.7,-217.4
432,-466.7,-321.5,-261.8,-213.4
433,-399.8,-433.1,-226.9,-248.1
434,-331.2,-312.2,-299.6,-247.9
435,-296.6,-283.1,-241.2,-227.9
436,-356.7,-306.7,-201,-242.4
437,-392.8,-270.4,-230,-220.6
438,-448.2,-328.2,-286.2,-234.1
439,-410.3,-309.5,-225.7,-210.3
440,-427.7,-249.4,-230.6,-174
441,-389.1,-351.2,-247.9,-233
442,-373,-293.1,-223.5,-203
443,-302.6,-306.7,-262.2,-226.4
444,-337.1,-335.6,-231.1,-223.2
445,-372.7,-292.1,-266,-231.2
446,-350.9,-301.2,-240.8,-250.7
447,-367.6,-267.9,-235.5,-190.8
448,-398.5,-333.8,-223.1,-217.4
449,-404.5,-420.6,-280.1,-225.5
450,-375.4,-342,-268.1,-234.1
451,-424.3,-387.7,-351.9,-204.5
452,-373.7,-333.8,-257.4,-192.6
453,-276.9,-321.5,-244.3,-223.7
454,-395.3,-334.6,-240.4,-206.5
455,-373.5,-220,-237.1,-198
456,-332.3,-303.1,-258.8,-213.7
457,-399.9,-313.7,-249.8,-182.6
458,-398.8,-312,-238,-165
459,-317.5,-332.1,-291.9,-222.9
460,-424.6,-312,-241.8,-219.2
461,-319.8,-301.8,-292.6,-225.7
462,-358.5,-246.2,-253,-207.5
463,-359.1,-343.5,-223.8,-216.7
464,-368.8,-328.3,-219.3,-237.6
465,-365.2,-314.6,-226.8,-215.5
466,-306.7,-336.4,-240.6,-218.7
467,-354.9,-275.6,-215.4,-199.5
468,-321.8,-292.2,-230.8,-232.2
469,-355.9,-305,-247.2,-188.2
470,-334.6,-306.6,-233.2,-169.8
471,-291.8,-302.2,-241.9,-180
472,-357.8,-283,-223.6,-216.4
473,-370.4,-272.3,-210.1,-223.3
474,-342.2,-266.4,-247.5,-183.9
475,-333.4,-334,-219.3,-240.4
476,-378.3,-300.6,-220.3,-205.9
477,-379.4,-232.7,-231.4,-214.6
478,-389.5,-288.9,-220.8,-192.6
479,-402.5,-323.6,-195.4,-229.5
480,-336.3,-283.5,-240.1,-209.3
481,-290.9,-251.9,-258.8,-223.5
482,-472.6,-298.7,-208.9,-254.3
483,-371.1,-296.4,-254.6,-222.1
484,-321.9,-310.4,-237,-246.6
485,-342.9,-259.9,-241,-205.4
486,-494,-288.2,-216.8,-204.8
487,-331.1,-277.7,-204.6,-194.9
488,-368.4,-336,-224.7,-219.1
489,-309,-314.2,-189.2,-188.8
490,-315.3,-260.4,-188.4,-191.1
491,-312.2,-320.3,-191.1,-216
492,-420.5,-296.1,-204.3,-197.7
493,-318.9,-338,-231.8,-210.2
494,-336.6,-317.8,-206.8,-201.6
495,-377.1,-256.9,-249.6,-187
496,-351,-301.5,-206,-216.7
497,-328.1,-318.4,-185,-201.1
498,-393.8,-321,-214.7,-213.7
499,-500.6,-232.5,-264.6,-189.5
500,-343.3,-263,-230.6,-203.6
501,-366.6,-274.6,-212,-213.1
502,-346.4,-313.8,-214.1,-208.5
503,-332.2,-238.9,-268.4,-208.7
504,-404.2,-275.4,-224,-189.1
505,-406.1,-243.1,-226.6,-225.6
506,-364.8,-292.1,-217.6,-249
507,-530.5,-249.9,-207.7,-234
508,-330.1,-310.9,-215.8,-200.7
509,-401.1,-240.9,-186.9,-172.8
510,-305.9,-282,-257.8,-200
511,-448.7,-339.4,-217.9,-192.6
512,-316.3,-283.3,-242.7,-177.1
513,-432.8,-273.8,-193.4,-169.6
514,-299.5,-276.1,-206.4,-139.6
515,-399,-231.5,-226.6,-199
516,-271.9,-272.4,-217.5,-184.3
517,-332.8,-308.1,-188.3,-220.3
518,-360.1,-286.8,-245.6,-223.1
519,-410.5,-287.3,-238.7,-239.1
520,-333,-255.9,-231,-176.4
521,-262.9,-293.1,-208.3,-237.6
522,-369,-292.4,-219.2,-168.1
523,-349,-311.9,-203.2,-232.5
524,-294.8,-290.6,-242.3,-179
525,-310.2,-268.4,-206.9,-228.1
526,-444.3,-234.6,-253.2,-217.1
527,-412.5,-282.1,-259.3,-175.7
528,-410.7,-282.2,-198.2,-196
529,-374.2,-298.3,-237.2,-189.5
530,-404.6,-337.9,-208.4,-184.2
531,-343.5,-305.1,-226.9,-216.1
532,-315.1,-285.9,-226.6,-210.5
533,-394.9,-322.4,-212.5,-220.8
534,-344,-289.4,-191.7,-268.3
535,-361.3,-310.4,-178.4,-232.1
536,-414.3,-263.5,-223.7,-183.6
537,-454.5,-310.9,-172.8,-181.5
538,-418.1,-329.8,-238.1,-193.3
539,-317.6,-279.8,-203.8,-228
540,-466.2,-256.7,-219.8,-197
541,-371,-244.5,-236.8,-162.1
542,-379.9,-345.6,-194.2,-183.6
543,-338.7,-300,-193.3,-156.8
544,-292.3,-273.8,-195.4,-171.9
545,-292.8,-250.8,-179.2,-167.3
546,-334.1,-279.8,-177,-169.6
547,-341.6,-282.7,-165.1,-180.5
548,-311.7,-282.4,-200.4,-153.8
549,-323.8,-282.2,-188.3,-174.4
550,-331.7,-309.2,-222.6,-196.8
551,-359.4,-272.8,-193.7,-211.2
552,-312.7,-288.7,-213.1,-189.8
553,-475.7,-249.6,-223.5,-192.8
554,-363.8,-219.6,-208.3,-251.4
555,-430.9,-247.8,-219.5,-191.6
556,-466.7,-249.7,-298.2,-177.8
557,-324.4,-321.2,-263.2,-224.4
558,-346.2,-270.9,-197.2,-226.9
559,-432.9,-279,-182.3,-175.7
560,-327.9,-249.4,-171.2,-185.4
561,-369.9,-269.2,-209.1,-225.3
562,-339.9,-248.8,-194,-206.7
563,-359,-278.9,-254.6,-168
564,-351.2,-291.8,-200.1,-185.3
565,-389.7,-266.9,-216.6,-169.4
566,-278.5,-230.7,-191.7,-173.4
567,-365.5,-202.4,-191.5,-188
568,-382.2,-260.1,-184.5,-186.8
569,-335.7,-275.9,-208,-196.1
570,-316.9,-288,-174.1,-186.7
571,-294.9,-242.4,-212.1,-196.9
572,-276.9,-245.1,-189,-184.5
573,-273.3,-239.1,-207.9,-174.2
574,-338.8,-240.2,-230.4,-166.6
575,-302.6,-276.3,-204.2,-175.1
576,-297.2,-225.2,-230.1,-167.6
577,-325,-288.8,-244.2,-188.5
578,-438,-283.6,-190.5,-154.1
579,-392,-268.1,-257.2,-181.6
580,-273,-273.2,-329.4,-190.6
581,-283.3,-243.1,-247.4,-143.9
582,-340.6,-251.6,-216.9,-189.2
583,-293.7,-278.2,-205.7,-164.8
584,-305.2,-249.5,-217.6,-154.8
585,-282.3,-270.7,-196.5,-179.5
586,-308.8,-229.2,-232.6,-175.9
587,-307.2,-225.4,-202.6,-181.5
588,-323.4,-253.3,-183.5,-192.8
589,-346.6,-230.5,-216.8,-144.9
590,-334.7,-267.9,-235.2,-144.9
591,-319.8,-309.2,-190.1,-185.1
592,-353.6,-276.1,-203.2,-188.9
593,-325.6,-260.3,-184,-188.2
594,-365.3,-266,-183.5,-154.5
595,-311.1,-251.1,-180.5,-170.1
596,-324.8,-227.8,-151.9,-198
597,-401.8,-271.8,-241.9,-170.5
598,-318.9,-281,-180.4,-194.3
599,-353.4,-216.1,-206.5,-186.5
600,-313.8,-254.2,-194.4,-169.4
601,-314.3,-241.4,-212,-200.7
602,-260,-324.1,-184.8,-193.7
603,-378.9,-303.8,-202.7,-216.7
604,-318.6,-261.7,-228.7,-158.5
605,-339.4,-237.5,-225,-172.9
606,-286.2,-253.4,-165.3,-172.6
607,-351.4,-275.4,-217.9,-198.1
608,-259.6,-261.7,-191.7,-180.9
609,-305.8,-288.3,-230.6,-167.6
610,-340.7,-233,-147.9,-167
611,-350.7,-254.4,-219,-166.1
612,-271.7,-231.1,-152.5,-168.8
613,-344.7,-259.4,-172.8,-144.1
614,-398.8,-293.2,-180.1,-163.5
615,-431.9,-236.7,-184.8,-175.8
616,-302.5,-307,-203.3,-152.3
617,-384.3,-215.5,-230.4,-172
618,-353.3,-299.2,-223.6,-157.5
619,-270.4,-251.8,-190.4,-170.9
620,-264.2,-250.6,-190.2,-144.6
621,-303.4,-201.1,-200.4,-155.8
622,-314.2,-302.3,-237.4,-199.7
623,-318.5,-229,-187.5,-173.2
624,-287,-226.2,-209,-151.7
625,-335.1,-245.1,-216.5,-183.3
626,-309.3,-259.5,-229.3,-215.9
627,-298.7,-221.8,-259.6,-160.5
628,-257.9,-259.1,-217.7,-188.8
629,-282.3,-230.7,-162.1,-195.4
630,-316.4,-261.5,-191,-151.7
631,-309.3,-220.6,-200.5,-156.8
632,-420.4,-245.2,-241.7,-192
633,-383.2,-242.7,-232.1,-172.7
634,-267.2,-271.5,-180.1,-182.1
635,-402.3,-215.8,-224.1,-167
636,-355.6,-277.3,-235.3,-170.8
637,-266.8,-211.2,-206.1,-147.1
638,-287.5,-224.4,-192.8,-236.2
639,-367.4,-218.1,-175.1,-138.4
640,-269.6,-237.8,-159.3,-171.7
641,-371.7,-234.3,-145.2,-177.8
642,-346,-266.8,-204.3,-212.7
643,-341.6,-255.4,-188.4,-266.4
644,-319.2,-268.8,-174.2,-284.9
645,-313.2,-256.5,-144.1,-378.4
646,-330.9,-234.5,-190.2,-466.6
647,-349.3,-242.1,-202.1,-207.3
648,-359.1,-212.6,-176.3,-151.9
649,-379.6,-227.2,-206.9,-198.9
650,-317.7,-285.8,-210.1,-175.1
651,-316.7,-321.3,-171,-141.6
652,-303.4,-255.2,-160.3,-157.8
653,-333.4,-291.1,-147.4,-176
654,-328.2,-316.7,-179.4,-145.5
655,-302.3,-254.5,-207.8,-205.3
656,-282.7,-241.7,-175.5,-175.8
657,-418.2,-238.4,-242.4,-163.7
658,-274.4,-233.2,-173.9,-182.1
659,-338.8,-229.3,-206.1,-145.9
660,-351.6,-278.1,-237.5,-180.7
661,-345.7,-214.4,-188.7,-169.9
662,-341.4,-209.2,-197.7,-171.8
663,-355.2,-228.2,-182.6,-162.9
664,-337.9,-234,-170.2,-162.7
665,-314.8,-261.5,-222.6,-200.3
666,-230.4,-261.2,-165.1,-207.6
667,-308.9,-222,-199.3,-166.8
668,-409.9,-224,-193.5,-177.6
669,-251.2,-181.9,-199.5,-153.5
670,-247.6,-214.7,-199.3,-152.6
671,-410.7,-216.4,-161,-175.1
672,-316.4,-203.2,-190.9,-140.4
673,-254.2,-230.9,-172.5,-170.4
674,-330,-220.8,-144.9,-162
675,-357.5,-186.1,-166,-161.8
676,-309.6,-201.4,-197.2,-175.1
677,-396.6,-243.7,-168.9,-145.3
678,-331.1,-260,-140.2,-193.4
679,-329.4,-222.8,-175.4,-191.5
680,-340.6,-202.1,-159.1,-161.2
681,-409.5,-233.8,-159.1,-145.2
682,-272.1,-184.1,-188.7,-174.8
683,-318,-245.7,-185,-164.7
684,-257.5,-221,-163,-173.4
685,-303.7,-228,-228,-185
686,-336.2,-219.4,-173,-155.1
687,-331.2,-215.4,-163.6,-172.7
688,-339.2,-245.5,-196.6,-178.2
689,-311.7,-212.2,-207.4,-157.8
690,-230.8,-254.6,-164,-144.6
691,-249.6,-237.4,-196.9,-143.4
692,-303,-279.6,-162.9,-140.5
693,-315.8,-218.7,-165.4,-131
694,-304.9,-207.2,-223.2,-172.1
695,-311.2,-243.4,-173.2,-200.5
696,-326.6,-224.7,-206.3,-176.2
697,-326.3,-204.7,-202.5,-184
698,-305.3,-261.6,-174.7,-149.1
699,-270.4,-314.4,-153.6,-160
700,-332,-225.3,-228.6,-183
701,-280.2,-289.6,-180.7,-137.1
702,-314,-208.9,-167.5,-148.7
703,-331.2,-200,-204.2,-137.7
704,-286.8,-239.5,-214.4,-180.6
705,-292.2,-219.8,-208.5,-202.9
706,-361.4,-238.9,-219.4,-167.6
707,-390.7,-219.3,-135,-151.4
708,-244.5,-324.6,-195.9,-163
709,-352.3,-258.1,-169.1,-207.5
710,-382.5,-220.4,-231.5,-155.8
711,-299.6,-258.8,-207.2,-158.2
712,-319.7,-233,-163,-167.4
713,-308.9,-256.5,-207.9,-189.3
714,-230.4,-221.7,-196.3,-160.1
715,-299.6,-230.9,-179.1,-153.1
716,-329.9,-201.6,-188.1,-169.5
717,-319.3,-213.9,-190.7,-159.8
718,-280.7,-229.6,-210,-160.2
719,-328.3,-239.5,-183.5,-193
720,-296.1,-193.3,-171.6,-185.9
721,-319.5,-244.5,-161.5,-148
722,-274.1,-211.4,-194,-153.1
723,-300.9,-207,-190,-160.9
724,-305,-250.4,-193.7,-190.6
725,-303,-205.3,-165.7,-129.5
726,-275.8,-245.4,-185.3,-150.1
727,-360.9,-254.9,-152.3,-139.9
728,-267,-250.9,-184.5,-164.6
729,-293.7,-212.2,-171.6,-226.7
730,-337.1,-231.7,-233.7,-157.5
731,-368.8,-218.8,-279.9,-173.8
732,-254,-275.7,-204.8,-138.3
733,-392.8,-267.7,-200.5,-158
734,-266.3,-284.5,-272.4,-180.4
735,-251.5,-221.4,-166.5,-147.9
736,-336.6,-243.8,-171.7,-154.2
737,-306,-201.7,-297.9,-129.6
738,-343.4,-202.4,-186.9,-154.2
739,-327.1,-201.8,-226.9,-153.3
740,-322.7,-254.2,-170,-171.3
741,-281.9,-240.5,-150.6,-163
742,-337.9,-248.2,-162.7,-188.4
743,-350.9,-197.6,-143.5,-136.5
744,-303.1,-214.7,-192.1,-139
745,-374.4,-203.9,-157.1,-139.2
746,-329.6,-227.5,-393.6,-162.1
747,-320.8,-216.2,-292.7,-138.2
748,-255.9,-208.9,-172.9,-170.9
749,-275.2,-218.5,-207,-176.6
750,-320.2,-231.5,-139.9,-205.5
751,-273,-220.6,-167.2,-163.6
752,-376.6,-249.5,-230.2,-165.8
753,-285.7,-222.4,-181.4,-186.8
754,-320.3,-219.3,-191,-171.2
755,-280.3,-207.1,-179.1,-154
756,-267.6,-221.1,-241.4,-178.2
757,-312.2,-249.3,-154.7,-155.1
758,-346.4,-220.9,-218.9,-150.3
759,-287.6,-197.3,-156.6,-153.7
760,-309,-242.9,-197,-207.4
761,-330.4,-211.7,-384.6,-221.6
762,-253,-256.6,-166.1,-159.1
763,-361.4,-232.1,-202.1,-170.9
764,-313.5,-221.2,-175.3,-151.9
765,-262.9,-206,-219.4,-166.1
766,-310.9,-191.3,-167.6,-124.8
767,-287.4,-202.1,-152.2,-167
768,-278.8,-208.8,-177.2,-141.1
769,-397,-200.8,-190.1,-161.9
770,-288.9,-207.5,-156.8,-152.8
771,-262.7,-187.3,-188.6,-137.4
772,-273.1,-267.3,-206.1,-167.8
773,-238.7,-215.3,-208.8,-105.8
774,-259.8,-199.9,-163.4,-154.6
775,-278.7,-265.9,-187,-134.2
776,-275.9,-249.8,-196.7,-170
777,-264.3,-232.6,-177.4,-162.6
778,-336.2,-169.4,-309.8,-210.4
779,-268.3,-204.7,-208.5,-248.9
780,-321.2,-220.5,-260.7,-155
781,-253.6,-222.3,-159.3,-155.9
782,-337.5,-220.5,-219.3,-133.8
783,-271.6,-194.9,-229.5,-130.5
784,-314.4,-186.1,-180.5,-140.8
785,-342.2,-209.6,-176.6,-135.2
786,-290.5,-189.2,-174.3,-167.3
787,-303.8,-211.8,-243.9,-156.5
788,-296.4,-217.5,-204.2,-152.6
789,-325.8,-200.3,-279.6,-180.8
790,-296,-189.3,-228.8,-142.8
791,-312.1,-177.7,-207.4,-165.4
792,-276.5,-214.8,-142.7,-117.5
793,-278.9,-141.8,-154.6,-129.5
794,-324.7,-155.1,-136.7,-157.7
795,-278.6,-184.7,-158.2,-182.9
796,-308.5,-197.9,-140.4,-190.5
797,-289.1,-156,-153.6,-126.1
798,-280,-182.5,-199.8,-160.7
799,-329.2,-195.1,-148,-129.5
800,-258.9,-186.1,-161,-164
801,-302.7,-197.5,-140,-166.5
802,-262.5,-211.6,-165.1,-155
803,-275.9,-202.2,-137.7,-168.9
804,-335.2,-161.6,-142,-148.9
805,-292.8,-162.8,-152.6,-171.4
806,-317.3,-198.9,-216.9,-149.3
807,-279,-176.1,-151.4,-152.9
808,-285.9,-207,-193.7,-159.9
809,-346.8,-187.8,-149.1,-132.3
810,-253.4,-179,-169.2,-133.7
811,-292.5,-202.8,-150.3,-181.4
812,-275.9,-180.8,-136.2,-154.5
813,-262,-215,-170.6,-135.5
814,-261.5,-219.3,-177.7,-165.9
815,-293.6,-220.7,-165.6,-121.1
816,-280.4,-295.9,-179.1,-132.5
817,-258.3,-227,-171.6,-163.2
818,-219.6,-239.7,-177.8,-135.7
819,-274.2,-244.5,-153.6,-174.7
820,-290,-242.1,-171.3,-146.1
821,-253.5,-217.2,-154.4,-151.4
822,-281.6,-179.9,-181.2,-139
823,-287.5,-204.9,-172.5,-151.5
824,-217,-192.9,-156.5,-160.6
825,-251.5,-211.9,-157.4,-155
826,-315.7,-232.9,-163.5,-140.6
827,-269.2,-245.1,-165.1,-202.4
828,-244,-183.4,-164.6,-153.6
829,-287.4,-181.8,-160.2,-263.7
830,-274,-228.9,-195.6,-233.8
831,-297.1,-205.7,-159.3,-319.2
832,-273,-219.7,-145.1,-164.9
833,-286.2,-213.3,-188.8,-263.4
834,-231,-187.4,-171.9,-239.2
835,-265.2,-215.9,-168.6,-179.5
836,-260,-179.6,-178.9,-153
837,-234.8,-158,-156.9,-176.1
838,-201.7,-218.9,-186.3,-192
839,-321.9,-186.2,-149.8,-122.1
840,-299.5,-180.4,-209.1,-152
841,-351.3,-256.3,-156.1,-195.1
842,-255.3,-273.7,-199.1,-168.9
843,-292.3,-135.9,-135.1,-147
844,-261.5,-225.2,-164.7,-125.1
845,-279.6,-197.7,-158.8,-161.4
846,-236.7,-181.5,-174.1,-173.5
847,-275.9,-177.2,-151.3,-151.5
848,-266.9,-190.5,-183.5,-178.4
849,-271.4,-193.9,-157,-193.5
850,-225.7,-183.9,-119.6,-156.8
851,-327.6,-184.6,-169.6,-143.5
852,-287.3,-178.3,-130.3,-156.5
853,-262.4,-198.3,-159,-186.2
854,-259.1,-187.3,-193.8,-146.7
855,-270.2,-234.7,-194.1,-176.9
856,-246.3,-161,-131.7,-156
857,-264.3,-200.2,-189.9,-155.4
858,-277.9,-164.7,-137.5,-141.3
859,-267.8,-214,-189.3,-112.2
860,-301.5,-178.7,-159.4,-187.8
861,-276.7,-187,-179.8,-118.5
862,-255.6,-200.8,-142.1,-144.6
863,-274.9,-185.3,-148.3,-170.7
864,-307.3,-214.4,-142.2,-151.7
865,-343.5,-188,-137.8,-152.2
866,-302.8,-207.8,-170.4,-126.3
867,-306.8,-185.2,-199.2,-158
868,-237.4,-187.6,-142.2,-153.4
869,-320.5,-177.8,-187.5,-136.1
870,-220.1,-194.1,-167.5,-172.6
871,-297.2,-188.9,-144.5,-134.6
872,-312.2,-181.5,-173.2,-155.8
873,-271.4,-192.4,-126.3,-147.2
874,-215.2,-152.6,-178.4,-150
875,-289.2,-183.3,-149.6,-143.6
876,-242.9,-193.1,-227.8,-118.7
877,-283.7,-187.4,-195.4,-158.2
878,-288.2,-192.4,-190.5,-132
879,-241.2,-167.6,-168.2,-124.7
880,-236.5,-189.3,-132.5,-95.8
881,-226.7,-193.6,-164.9,-155.8
882,-325,-205.4,-159.8,-138
883,-278.7,-176.8,-162.1,-142.6
884,-254.7,-192.7,-199.7,-152.9
885,-262.3,-178,-155.6,-120.5
886,-244.7,-217.4,-135.5,-101.5
887,-247.1,-176.4,-177.1,-125.5
888,-229.4,-205.9,-127.2,-162.2
889,-281.2,-203.4,-161.4,-151.2
890,-354.7,-149.6,-159.7,-175.7
891,-273.3,-152.4,-149.9,-139.1
892,-314.7,-164.5,-136.1,-153.9
893,-290.6,-174.6,-159.5,-136.7
894,-256.8,-159.7,-161.9,-129.6
895,-319.8,-178.9,-177.7,-143.7
896,-327.1,-170.1,-167,-164.2
897,-268,-194.7,-181.8,-178.3
898,-268.6,-195.1,-128.1,-146.8
899,-273.1,-173.4,-169.8,-131.8
900,-256.8,-206.3,-115.1,-138.4
901,-352.4,-219,-150.6,-164.7
902,-256.7,-187.5,-145,-158.7
903,-267.9,-152.5,-135.7,-140
904,-259.3,-161.1,-161.7,-151.4
905,-319.1,-178,-149.2,-148.8
906,-338.2,-167.4,-175,-136.5
907,-203.9,-195.7,-155.9,-119
908,-202.8,-169.6,-137.2,-137.1
909,-261.4,-183.3,-201.6,-154.4
910,-331.6,-201,-176.8,-131.7
911,-340,-169.6,-174.1,-161.1
912,-243.9,-191.7,-172,-116.3
913,-286.6,-191.8,-168.1,-126.8
914,-322.7,-186.4,-205.9,-126.2
915,-415.8,-217,-161.1,-130.1
916,-316.6,-189.9,-163.6,-149.4
917,-328.1,-190.3,-150.3,-159.1
918,-342.1,-166.4,-175,-132.2
919,-363.4,-195.7,-146.3,-158.8
920,-272.5,-169.5,-136.8,-132.4
921,-281.2,-161.6,-154.8,-122.5
922,-291.9,-168.8,-130.1,-187.8
923,-288.4,-162.5,-149.4,-127
924,-257.7,-207,-162.8,-120.4
925,-282.6,-163.3,-202.2,-172.2
926,-272.1,-183.3,-156.8,-123.5
927,-281.6,-177,-157.4,-121.5
928,-283.1,-185.3,-146.3,-125.6
929,-250.2,-188,-186.6,-120.1
930,-276.1,-175.9,-294.1,-114.1
931,-281.3,-181.7,-229.5,-133.8
932,-250.5,-218.3,-191.7,-158.3
933,-274.1,-191.6,-217,-132.8
934,-292.7,-195.4,-166.4,-139.5
935,-279.5,-174.2,-141.2,-165.9
936,-261,-152.2,-214.2,-145.9
937,-310.6,-169.3,-167.9,-124.1
938,-250.7,-168.4,-183.4,-126.2
939,-295.8,-172.2,-154.7,-133.2
940,-255.1,-156.3,-205,-151.8
941,-284.9,-180.2,-138.4,-144.3
942,-242.2,-200.3,-167.7,-155.1
943,-278.5,-160.2,-160.7,-146.3
944,-235.1,-143.5,-131.5,-124.2
945,-290.8,-197.6,-150.4,-133.3
946,-243.9,-192.5,-156.7,-157.6
947,-264.6,-163.7,-132.6,-136
948,-243.4,-170.4,-103.4,-135
949,-292.6,-177.3,-178.3,-107.3
950,-261.7,-167.6,-197.3,-99.8
951,-324.6,-176.9,-135.6,-134.7
952,-266.1,-188.8,-143.7,-117
953,-274.6,-156.1,-160.9,-138.7
954,-263.4,-264.6,-170.1,-209.4
955,-266.1,-170.7,-152.1,-133.4
956,-284.3,-155.7,-138.9,-159.2
957,-248.7,-152.3,-209.5,-119.4
958,-218.1,-171.2,-146.3,-126.1
959,-237.2,-171.2,-192,-130.5
960,-279.8,-190.6,-193.9,-128.3
961,-198.8,-181.6,-139.7,-140.4
962,-223.7,-165.4,-114.6,-135.4
963,-263.5,-179.4,-163.2,-111.1
964,-284.3,-179.5,-141.5,-140
965,-287.5,-187,-129.5,-110.4
966,-290.3,-158.6,-152.9,-143
967,-227.2,-157.5,-121.5,-131.1
968,-248.6,-160,-128.8,-115
969,-317.7,-170.4,-127.2,-129.2
970,-284.2,-163,-164.9,-123.1
971,-288.1,-171,-158.1,-117.1
972,-224.1,-203.1,-147.8,-135
973,-204.1,-157.3,-138.2,-153
974,-251.4,-151.7,-137.9,-170.3
975,-255.6,-163.9,-148.5,-190.3
976,-254.3,-149,-208.8,-149.9
977,-260.2,-179.7,-180.3,-134
978,-243,-149.5,-141.5,-138.9
979,-278.1,-143.9,-126.8,-167.2
980,-272.5,-195.4,-183.5,-172.3
981,-277.2,-186.4,-158.5,-139.7
982,-243,-150.9,-146.9,-142.9
983,-247.9,-154,-161.4,-116.1
984,-281.4,-147.3,-136.5,-174.7
985,-284.8,-156.8,-142.9,-156.9
986,-273.5,-127.3,-170.4,-133.7
987,-293.1,-197.5,-171,-115.5
988,-250.6,-154.3,-144.4,-119.3
989,-240.4,-147.3,-156.1,-133.5
990,-261,-127.5,-187,-100.6
991,-246.7,-142.6,-194.6,-168.3
992,-316.2,-138.6,-126.6,-128.6
993,-256.4,-155.5,-165,-167.2
994,-268.7,-218.8,-139.3,-163.6
995,-232,-149.6,-123.3,-134.6
996,-239.4,-188.8,-176.4,-137.5
997,-297.4,-250,-145.9,-129.2
998,-260,-167.5,-168.9,-131
999,-267,-156.9,-127.3,-161.5
1000,-235.2,-151.3,-118.6,-135
1001,-238.9,-125.4,-143.4,-130.4
1002,-250.2,-151.5,-130.3,-128
1003,-288.5,-176.8,-168.1,-101.5
1004,-244.7,-169.9,-148.8,-149.6
1005,-246.6,-190.2,-153.1,-146.9
1006,-264.1,-172.8,-142.4,-129.2
1007,-248.6,-150.5,-136,-126.8
1008,-222.3,-174.2,-151.4,-133.8
1009,-255.2,-186.5,-133.5,-86.8
1010,-250.5,-168.3,-121.6,-157.8
1011,-266.6,-139.6,-155.4,-154
1012,-224.2,-154.3,-143.7,-107.9
1013,-227.2,-179.8,-147.3,-143.9
1014,-278.2,-189.8,-134.3,-139.7
1015,-220.7,-189.6,-188.7,-143.3
1016,-208.3,-148.2,-131.1,-130.6
1017,-214.8,-163,-139.7,-136.9
1018,-269.1,-174.9,-135.2,-119.1
1019,-312.7,-174.9,-132.9,-128.5
1020,-288.7,-194.9,-162.9,-74.8
1021,-230.5,-145.4,-158.2,-163.1
1022,-225.9,-205,-144.1,-127.4
1023,-209,-193.9,-116.1,-162.2
1024,-261.1,-179.6,-142.8,-108.3
1025,-246.4,-186.7,-156,-163.4
1026,-240.2,-176.5,-152.7,-121.5
1027,-363.1,-165.7,-178.2,-130.5
1028,-263.9,-197.1,-130.5,-138.5
1029,-295.5,-178.8,-171.2,-118.4
1030,-241.1,-155.3,-129.5,-176.5
1031,-222.2,-145.5,-125.5,-165.1
1032,-301.6,-149.8,-124.7,-213.8
1033,-333.4,-177.4,-160.8,-217.6
1034,-316.8,-159.3,-174.1,-164.8
1035,-262.8,-205.3,-139.5,-224.2
1036,-247.9,-184,-147.1,-223
1037,-262.8,-217.4,-177.2,-149.5
1038,-344.4,-161.2,-154,-114.5
1039,-232.1,-158.2,-142.9,-173.2
1040,-202,-140.5,-137.3,-145.1
1041,-307,-136.6,-187.3,-162.1
1042,-345.8,-178.9,-176.5,-124.3
1043,-266.2,-160.6,-146.8,-125.2
1044,-301.2,-173.7,-174.9,-138.4
1045,-288.1,-175.3,-153.2,-166
1046,-287.3,-162.1,-162.1,-156.4
1047,-292.4,-227.9,-163.5,-180.9
1048,-210.3,-160.8,-149.6,-155.6
1049,-302.5,-156.7,-165.3,-139.4
1050,-279.8,-150.4,-167.8,-160.3
1051,-230,-165.2,-170.7,-151.5
1052,-254.5,-165.8,-130.6,-161.2
1053,-274.7,-167.1,-175,-125
1054,-256.8,-135.1,-148.8,-130.1
1055,-225.1,-165.3,-142.4,-142.2
1056,-261.8,-146.2,-137.2,-144.7
1057,-269.8,-163.7,-168.7,-147.7
1058,-244.1,-124.3,-173.2,-141.9
1059,-212.2,-134.5,-150.4,-148.3
1060,-260.9,-144.1,-166.2,-140.8
1061,-258.4,-150,-167.1,-164.9
1062,-233.1,-128,-134.8,-129.5
1063,-240.4,-154,-157.4,-136.3
1064,-210.5,-190,-167.4,-140.7
1065,-255.6,-194.6,-173.4,-160.9
1066,-244.8,-149.5,-137.5,-154.7
1067,-256.4,-146.1,-175.8,-150.7
1068,-214.2,-147.9,-188.3,-124.1
1069,-224.8,-164.1,-129.8,-153
1070,-237.7,-173.8,-160.2,-124.2
1071,-259.7,-181.2,-160.5,-110.1
1072,-255.2,-184.6,-150.8,-140.5
1073,-217,-124.2,-147.9,-124.7
1074,-341.8,-149.2,-187.3,-113.3
1075,-262.4,-131.8,-162.5,-116.1
1076,-236.6,-167.9,-156.4,-135.7
1077,-224.7,-146.2,-118.5,-102.9
1078,-240.9,-130.1,-143.7,-148.8
1079,-229.4,-148.5,-165.9,-89.3
1080,-231,-154.3,-184.5,-115.4
1081,-217.2,-177.4,-167.5,-126.4
1082,-210.4,-111.7,-117.4,-101.3
1083,-246.9,-134.3,-235.1,-165.9
1084,-190.6,-126.4,-125.6,-137.1
1085,-272.2,-141.9,-189.8,-107.3
1086,-230.2,-144.9,-141.9,-131.8
1087,-242.8,-155.1,-125.7,-122.5
1088,-263.5,-178.5,-128.2,-103.4
1089,-240.9,-179.9,-140.8,-176.1
1090,-192.5,-140.3,-138.3,-144.8
1091,-231.7,-184.2,-141.9,-126.9
1092,-234.8,-130.6,-133.3,-150.6
1093,-179.6,-156.7,-134.5,-130.4
1094,-217.6,-142.8,-117.1,-117.7
1095,-207.4,-186.2,-155.8,-116.9
1096,-233.5,-144.2,-173.8,-110.7
1097,-248.5,-165.8,-157.4,-115.2
1098,-242,-148.5,-164.5,-151.7
1099,-249,-159.5,-181.4,-116.5
1100,-232.9,-173.9,-117.4,-151.6
1101,-256.5,-164.3,-138.6,-150.4
1102,-244.6,-149.2,-120,-107.4
1103,-291.4,-139.8,-156.1,-133.8
1104,-235.2,-152.9,-121.8,-159.4
1105,-244.3,-156.7,-146,-106.4
1106,-257.4,-158.5,-149.2,-110.9
1107,-252.6,-200.4,-162.4,-154.8
1108,-200.3,-150.8,-118.1,-154.8
1109,-241.8,-153.4,-154.5,-125.7
1110,-246.4,-157.7,-157.3,-132.9
1111,-241.6,-152,-140.5,-135.9
1112,-203.1,-140.6,-121.1,-129.3
1113,-248.1,-137.1,-132.2,-139.2
1114,-261.9,-148.1,-146.7,-143.9
1115,-205.6,-157.2,-146.8,-90.1
1116,-216.3,-117,-170.2,-112
1117,-211.8,-156.7,-135,-122.6
1118,-233.6,-189.3,-151.8,-123.9
1119,-319.4,-134.1,-174.2,-111.9
1120,-204.7,-184.6,-128.4,-122.3
1121,-289.7,-136.4,-117.7,-123
1122,-226.2,-167.1,-124.6,-114.8
1123,-266.1,-172.8,-121.8,-132.5
1124,-250.4,-187.1,-136.3,-131.8
1125,-209.5,-124.3,-148.7,-155.2
1126,-239.4,-168.6,-169,-151.1
1127,-239.7,-172.8,-130.1,-135.7
1128,-199.2,-130.3,-136,-164.1
1129,-238.2,-130,-141.7,-138.8
1130,-252,-146,-155,-151.8
1131,-231.1,-142.7,-194.7,-140.4
1132,-222.9,-134.7,-174.1,-146
1133,-251.8,-182.1,-141.7,-151.2
1134,-271.3,-176,-137.3,-135.6
1135,-240.5,-145,-142.4,-129.4
1136,-223,-158.6,-177.3,-177.4
1137,-206.2,-165,-153.4,-154.4
1138,-263.9,-152.9,-149.2,-99.1
1139,-264.5,-112.1,-145.8,-105.9
1140,-293,-119.3,-179,-108
1141,-246.2,-131.7,-135.4,-114.5
1142,-215.1,-166.1,-125,-157.2
1143,-227.2,-168.4,-147.8,-135
1144,-232.5,-173.2,-155.9,-141.7
1145,-231.7,-155.2,-213,-151.4
1146,-223.2,-156.9,-185.9,-138.8
1147,-261.1,-139.4,-197.9,-153.3
1148,-223.2,-151.1,-122.6,-149.9
1149,-341.9,-137.7,-124.8,-131.8
1150,-196.3,-175.4,-132.6,-130.4
1151,-200.4,-152.5,-126.1,-125.4
1152,-213.8,-169.1,-121.1,-124.2
1153,-260.2,-134.8,-136.2,-104.4
1154,-286.4,-189,-158.8,-139.8
1155,-300.6,-182.7,-124.6,-145
1156,-332.6,-219.9,-141,-142.5
1157,-288.2,-202.4,-142,-131.7
1158,-270.2,-141.5,-141,-149.8
1159,-330.6,-218.1,-127.6,-108.1
1160,-267.7,-139.8,-136.7,-129.3
1161,-245.1,-162.3,-164.2,-107.2
1162,-330.5,-138.5,-133.8,-102.7
1163,-212.3,-140.2,-166.5,-163.4
1164,-247.9,-140.5,-132.8,-131.8
1165,-225.9,-128.3,-145,-114.5
1166,-228.2,-142.7,-135,-146.2
1167,-233,-160.9,-149.6,-147.3
1168,-230.9,-144.1,-151.8,-122.8
1169,-192.5,-159.5,-136.2,-145.9
1170,-229.5,-142.2,-141.4,-127.9
1171,-251.5,-147.1,-151.7,-110
1172,-256.1,-170.2,-200.7,-125.1
1173,-228.7,-119.8,-136.1,-140.5
1174,-248.2,-139.8,-145.3,-131.1
1175,-261.3,-163,-119.5,-122.2
1176,-253.7,-150,-173.4,-97.5
1177,-244.1,-117.2,-132.3,-111.7
1178,-230,-147.2,-166.6,-113.1
1179,-257,-148.3,-158,-107.4
1180,-244.3,-122.6,-121.1,-120.8
1181,-252.1,-127.9,-112.3,-121.8
1182,-230.3,-163.9,-124.7,-167
1183,-243.8,-173,-138,-140.9
1184,-239.4,-148.3,-130.3,-149
1185,-289.8,-188.8,-165.5,-121.9
1186,-216.9,-124.5,-139.8,-105
1187,-192.7,-133.5,-139.5,-107.9
1188,-223.2,-155.2,-144.6,-109.6
1189,-229.3,-121.2,-134.6,-128.2
1190,-235.7,-165.5,-151,-122.3
1191,-219.8,-132.6,-140.4,-132.8
1192,-237.4,-160.8,-167.9,-127.6
1193,-181.6,-157.4,-129.1,-117.8
1194,-244.6,-146.7,-135.6,-108.6
1195,-221.9,-136.8,-185.2,-91.5
1196,-209.1,-131.6,-148.1,-109
1197,-229.4,-142.4,-139.8,-155.1
1198,-253.3,-158.6,-172,-144
1199,-217.9,-168.8,-131.7,-114.2
1200,-216.5,-136.3,-141.5,-95.2
1201,-183.8,-170.4,-219.9,-125.3
1202,-188,-142,-126.5,-144.5
1203,-229.8,-138.4,-135.9,-100
1204,-201.2,-147,-140.5,-122.3
1205,-186.5,-119.1,-130.1,-180.9
1206,-276.4,-119.8,-115.8,-139.7
1207,-248.8,-103.9,-142.7,-117.2
1208,-228.7,-132.9,-151.6,-119.1
1209,-275,-123.5,-147.3,-99.1
1210,-215.7,-163.1,-119.6,-134
1211,-203.6,-138.8,-144.9,-131.6
1212,-196.3,-143,-121.9,-137.3
1213,-243,-140.8,-136,-110.8
1214,-219,-137.9,-130.2,-91.4
1215,-217.7,-161.1,-147.1,-107.7
1216,-266.5,-142.9,-139.1,-141.2
1217,-189.8,-178.1,-142.9,-157.7
1218,-220.7,-133.8,-120.4,-154
1219,-249.9,-111.8,-127.9,-108.1
1220,-308.7,-119.5,-123.7,-116.5
1221,-245.4,-152,-146.8,-111.7
1222,-206.8,-146.8,-146.4,-151.6
1223,-250.2,-140.2,-153.4,-153.6
1224,-289.1,-103.6,-156,-136.7
1225,-169.5,-144.5,-111.3,-148
1226,-246.7,-145.9,-135.3,-128.1
1227,-267.5,-207.5,-148.9,-100.5
1228,-190.9,-247.9,-129.3,-108.2
1229,-244,-227.8,-126.3,-105.3
1230,-259.3,-177.3,-136.9,-153.8
1231,-257.9,-174,-139.6,-162.2
1232,-194.3,-165.4,-165.8,-125.1
1233,-211.4,-188.4,-133.3,-141.5
1234,-245.2,-153.7,-127,-121.6
1235,-204.1,-135.1,-116.8,-172.6
1236,-214.2,-154.3,-136.4,-154.8
1237,-216,-132.4,-142.8,-134.3
1238,-252.1,-148.8,-121.2,-165.2
1239,-221.6,-146.2,-115.3,-113.4
1240,-203,-136.7,-182.7,-114.1
1241,-193.5,-163.7,-154,-157.3
1242,-218.7,-154.9,-138.4,-135.8
1243,-252.7,-125.5,-129.1,-138.2
1244,-226.4,-150,-122.2,-110
1245,-218.9,-161.6,-152.7,-111.7
1246,-217.6,-139.8,-148.6,-160.1
1247,-223,-155.9,-148,-144.7
1248,-323.8,-170.7,-145.4,-110.4
1249,-243.2,-125,-137.2,-136.6
1250,-173.6,-160.7,-131.4,-135.6
1251,-237.6,-145.4,-129.4,-131.6
1252,-317.7,-137,-162.5,-135.5
1253,-265.8,-150.3,-119.9,-167.4
1254,-209,-141.9,-144.5,-182.6
1255,-222.1,-141.5,-124.7,-118.2
1256,-220.2,-141.8,-119.2,-130.5
1257,-227.3,-151.8,-135.8,-140.8
1258,-230.1,-157.5,-132.5,-108.3
1259,-229.4,-191.7,-179.5,-138.7
1260,-216.2,-128.1,-139.5,-132.8
1261,-268.8,-134.2,-300.9,-124.6
1262,-246.4,-186.2,-139.8,-130
1263,-262.3,-154.9,-136,-116.5
1264,-215,-132.4,-197.2,-142.9
1265,-224,-146.8,-121.2,-96.6
1266,-214.1,-144.3,-142.8,-107.5
1267,-237.3,-144.3,-123.5,-108.9
1268,-212.9,-140.6,-229.6,-121.7
1269,-255.3,-126,-132.5,-116.6
1270,-192.1,-173,-138.9,-113.9
1271,-235.8,-151.4,-151.5,-145.1
1272,-223.1,-148.2,-183.4,-145.3
1273,-204,-155.5,-166.4,-114.8
1274,-239.7,-115.3,-135,-123.6
1275,-233.9,-135.7,-135.2,-159.9
1276,-209.8,-154.3,-182.8,-117.2
1277,-257.2,-126,-152.8,-142.3
1278,-211,-154.3,-153.8,-146
1279,-226.1,-135.1,-151,-123.4
1280,-204.5,-113,-240.1,-150.2
1281,-229.2,-120.9,-131.9,-97.7
1282,-232.8,-118.8,-131.4,-120.6
1283,-230.1,-160.9,-135.1,-139.7
1284,-238.2,-173.2,-123,-98.3
1285,-219.5,-122.8,-118.7,-111.1
1286,-212.4,-122.1,-182.9,-126
1287,-209.1,-149,-134.8,-117.9
1288,-222,-127.2,-119.1,-104.9
1289,-330.2,-120.4,-123.1,-129.4
1290,-269.8,-148.6,-115.4,-99
1291,-241.2,-166.3,-119.3,-135.3
1292,-214,-153,-128.3,-121
1293,-202.1,-154,-111,-144.7
1294,-238.2,-135.6,-114.6,-101.4
1295,-220.6,-125.6,-132.2,-91.4
1296,-222.7,-132.9,-108.9,-93.1
1297,-264,-128.4,-113.7,-120
1298,-245.3,-129.7,-120.7,-115.3
1299,-245.9,-106.1,-119.9,-133.5
1300,-320.2,-121.9,-127.3,-150.3
1301,-286,-125.1,-159.4,-119.1
1302,-333.8,-121.4,-142.8,-111
1303,-246.2,-130.1,-127.4,-106.8
1304,-286.6,-163.4,-113.8,-99.9
1305,-212.1,-139.3,-112,-127
1306,-209.2,-145,-170.3,-102.2
1307,-326.8,-135.1,-167.2,-113.8
1308,-242.6,-126,-141.1,-131.2
1309,-228.4,-131.9,-153.5,-84.3
1310,-248.4,-109.9,-125.6,-148.6
1311,-242.8,-129.3,-140.4,-115.2
1312,-250.1,-112.3,-94.5,-98.8
1313,-191.3,-163.4,-131.4,-98.6
1314,-218.9,-149.5,-114.5,-119.8
1315,-223.5,-119.1,-115.6,-92.3
1316,-208.5,-142.2,-151.8,-135
1317,-230,-105.9,-114.8,-129
1318,-216.8,-138.5,-133.4,-126.3
1319,-219.6,-139.1,-113.9,-135.6
1320,-221.3,-139.2,-134.2,-122
1321,-243.8,-165.7,-132.1,-159.3
1322,-238.6,-155.2,-132.7,-119.6
1323,-227.4,-116,-93.3,-130.4
1324,-194.1,-102,-116,-108.7
1325,-333.4,-123.1,-122.4,-123.4
1326,-232.1,-166,-120,-132
1327,-266.9,-140.8,-114.1,-84.8
1328,-285.6,-111.1,-139.1,-93.3
1329,-257.3,-139.1,-136.1,-144.3
1330,-240.3,-113.1,-127.4,-135.1
1331,-220.9,-118.6,-122.5,-114.3
1332,-210.4,-123.5,-97.8,-115.1
1333,-259.4,-117.3,-177.1,-97.3
1334,-258.8,-146.5,-129.4,-139.2
1335,-217.6,-156.9,-142.5,-128.6
1336,-211.9,-110.5,-191.9,-170.7
1337,-294.3,-113.9,-138.3,-133.9
1338,-186.6,-110.8,-117.6,-134
1339,-222.4,-110.5,-137,-96.7
1340,-224.8,-143.5,-152.2,-104.9
1341,-222.6,-153.7,-147.7,-119.5
1342,-186.1,-104.1,-112,-104.2
1343,-220.3,-161.6,-133.1,-116.1
1344,-175.5,-157.6,-143.3,-131.3
1345,-250.9,-169,-122.7,-115.6
1346,-248.3,-111.9,-140,-144.5
1347,-227.6,-172.9,-106.4,-138
1348,-236.5,-168.8,-130,-116.3
1349,-216.9,-146.9,-134.7,-117.4
1350,-199.4,-183.5,-141.4,-115
1351,-199,-164,-140.9,-103.1
1352,-181.9,-133,-180.2,-111
1353,-283.3,-129.1,-155.2,-129.4
1354,-210,-119.6,-140.9,-120.6
1355,-199.7,-133.3,-153.3,-97
1356,-247.7,-122.9,-120.4,-110.9
1357,-273.7,-107.8,-141.8,-114.3
1358,-221.2,-186.7,-98.7,-121.7
1359,-194.6,-106.4,-133.7,-115.7
1360,-215.1,-107.4,-117.3,-153.7
1361,-222.7,-151.9,-119.5,-114.4
1362,-263.8,-102.5,-99.4,-133.6
1363,-231.7,-151.8,-153,-88.3
1364,-248.9,-148.8,-127.3,-114.3
1365,-229.4,-156.4,-128.9,-127.9
1366,-277.3,-143.2,-131.9,-122
1367,-317.6,-147.5,-129.5,-117.3
1368,-235.8,-124.7,-146,-127
1369,-232.9,-138.1,-130,-116
1370,-248.3,-179.6,-126.9,-121
1371,-198.6,-120.9,-116.8,-130.6
1372,-310.7,-147.4,-141.9,-148.9
1373,-221.6,-151.5,-114.9,-105.9
1374,-246.5,-195.4,-108.1,-107.5
1375,-225.4,-141.8,-123.5,-117.3
1376,-214.1,-186.5,-99.6,-104.5
1377,-276.2,-152,-185.4,-111.9
1378,-212.2,-160.2,-92.1,-120.8
1379,-212.6,-204,-116.4,-127.7
1380,-190.7,-162.2,-109.6,-119.6
1381,-208.2,-168.3,-114.8,-134.4
1382,-242.4,-144.3,-120.8,-135.2
1383,-259.4,-112.1,-143.2,-124
1384,-250.8,-166.6,-134.4,-127.3
1385,-227,-137.6,-98.6,-113.9
1386,-222.9,-121,-132.9,-125.1
1387,-215.3,-155.1,-130.3,-102.6
1388,-205.8,-136.7,-113.1,-112.4
1389,-199.5,-106.9,-144.5,-117.5
1390,-204,-150.3,-145.3,-127.6
1391,-254.9,-193.4,-96.5,-107.9
1392,-258.2,-157.2,-126.2,-129.6
1393,-205.1,-148.7,-109.1,-181.8
1394,-264,-129.5,-109.8,-114.8
1395,-248.2,-165.3,-167,-126.3
1396,-214.4,-134.3,-126.8,-99.9
1397,-196.9,-136.5,-123.3,-116.9
1398,-223.9,-110.1,-133.2,-124.3
1399,-206.8,-88.3,-135.6,-146.2
1400,-212.5,-146.8,-177.3,-100.2
1401,-178.7,-138,-136.3,-204.3
1402,-247.4,-132.6,-88.8,-148.8
1403,-233,-143.1,-105.2,-121.4
1404,-205.7,-103.2,-132.2,-124.9
1405,-233.3,-118.8,-157,-135.7
1406,-223.4,-146.1,-132.6,-125.4
1407,-234.5,-116.2,-110.1,-126.7
1408,-194.8,-119.3,-115.4,-172.5
1409,-200.2,-138,-150.5,-100.5
1410,-237.6,-131.8,-141.7,-183
1411,-233.9,-134.1,-139.7,-98.3
1412,-213.9,-140.2,-114.1,-117.2
1413,-197.7,-120.4,-110.4,-112.1
1414,-279.9,-147.9,-114.6,-110.2
1415,-216.2,-169.6,-122.6,-118.1
1416,-209.1,-135.7,-167.3,-114.5
1417,-188.1,-131.6,-106.6,-167.3
1418,-207.4,-128.9,-149.4,-127.2
1419,-194.9,-118.5,-137.1,-99.1
1420,-246.6,-142.8,-114.1,-111.4
1421,-216.4,-166.7,-153.2,-124.1
1422,-215.7,-175.4,-110.2,-112.1
1423,-223,-156.9,-174.9,-133.7
1424,-236.7,-151.2,-114.1,-133.8
1425,-228.5,-157.9,-161.8,-111.8
1426,-256.4,-121.7,-122.2,-139.4
1427,-271.3,-140.2,-130.3,-111.2
1428,-223.4,-85.5,-141.5,-107.7
1429,-269,-123.3,-119.2,-87.1
1430,-191,-108.5,-109.9,-136.8
1431,-249.6,-137.2,-179.6,-129
1432,-231.3,-139.7,-98.4,-137.6
1433,-179.7,-120.5,-168.5,-107.1
1434,-190.3,-165.7,-166,-139.7
1435,-191.6,-139.4,-115.7,-99.1
1436,-219.2,-150.5,-99.3,-113.7
1437,-288,-153,-134.3,-128.2
1438,-231.5,-135.2,-112.2,-143.3
1439,-208.9,-131.3,-124,-137.7
1440,-204,-130.5,-130.3,-159.6
1441,-216.2,-141.8,-133.4,-131.5
1442,-163.1,-98.9,-158.1,-136.1
1443,-201,-125.4,-103.8,-120.9
1444,-235.9,-120.9,-136.9,-168.7
1445,-211.9,-141.1,-137.1,-148.6
1446,-217,-144.5,-117.2,-137.2
1447,-219.1,-149.2,-98.5,-112.3
1448,-238.8,-137.8,-137.6,-114.7
1449,-215.9,-138,-127.3,-108.1
1450,-199.7,-140.4,-165.8,-105.3
1451,-250.5,-169.8,-141.4,-118.6
1452,-220,-140.2,-182.1,-96.6
1453,-224.4,-126,-169.5,-151
1454,-190.7,-156.9,-168.6,-110.3
1455,-234.2,-112.9,-144.6,-158.1
1456,-192.8,-176.9,-152.5,-137.5
1457,-235.4,-113.7,-132.9,-113.2
1458,-224.9,-136.9,-143.1,-148.6
1459,-178.4,-144.6,-137,-127.8
1460,-197,-185.9,-144,-100.2
1461,-220.1,-184,-119.2,-104.5
1462,-203.4,-141.6,-124.4,-134.1
1463,-230.4,-186.2,-145.3,-98.5
1464,-260.6,-152.2,-206.2,-156.9
1465,-215.2,-160,-115,-114.4
1466,-220.5,-113.4,-119.2,-127.9
1467,-229.1,-136.3,-138.4,-127.4
1468,-218.9,-139.2,-123.8,-93.9
1469,-184.1,-199,-136.7,-116.6
1470,-200.1,-304.6,-119.9,-102.3
1471,-245.3,-135,-127.8,-133.9
1472,-226.6,-151.9,-107.9,-127.4
1473,-183.3,-103.8,-96.9,-112
1474,-211.7,-123.1,-138.3,-116.9
1475,-217.9,-126.2,-136.8,-138.1
1476,-189.4,-101.6,-144.1,-123.4
1477,-170.2,-122.2,-126.8,-133
1478,-196.2,-144.6,-125.8,-116.5
1479,-214.2,-95.3,-120.3,-106.3
1480,-208.5,-172.1,-157.8,-121.3
1481,-212.5,-144.7,-205,-100.3
1482,-200.3,-145,-114,-122.6
1483,-285.2,-133.6,-158.9,-133.5
1484,-197.4,-210.1,-182.3,-96
1485,-212.6,-161.1,-204.9,-144.1
1486,-215.6,-149.2,-191.3,-113.2
1487,-194.2,-139.1,-199.7,-157.4
1488,-221.2,-98.8,-131,-127.5
1489,-230.2,-160.5,-155.3,-126.8
1490,-201,-121.8,-139.4,-152.1
1491,-148.6,-115,-143.9,-105.2
1492,-221.2,-138.6,-127.7,-95.4
1493,-213.1,-130,-108.1,-104.1
1494,-187.6,-112.3,-104.8,-141.5
1495,-196.1,-123.4,-106.5,-126.5
1496,-198.5,-126.8,-138.8,-100.7
1497,-323.3,-125.9,-124.1,-107.5
1498,-235.8,-104,-277.9,-124.6
1499,-230.7,-140.5,-150.2,-127.6
1500,-235.7,-143.4,-185.7,-148.7
